Model,Vcruise,Vcruise_kmh
15 AC Sedan,91.0,168.532
11 CC Super Chief,83.0,153.716
7 CCM Champ,78.0,144.45600000000002
7 DC Champ,78.0,144.45600000000002
7 AC Champ,74.0,137.048
11 AC Chief,72.0,133.344
PA-60-700P Aerostar (preliminary),230.0,425.96000000000004
PA-602P Aerostar,247.0,457.444
"PA-601P pressurized Aerostar ('77 service ceiling=26,350)",235.0,435.22
PA-601B turbochg Aerostar (prior'80=less perf),237.0,438.92400000000004
"PA-601, 601A, turbochg Aerostar",236.0,437.072
"PA-600,600A,-Aerostar",212.0,392.624
G164B Turbine (spec for 680 hp),113.0,209.276
G164C-600 AG-CAT (design category) sprayer,91.0,168.532
G164B-600 AG-CAT (design category) sprayer,100.0,185.20000000000002
G164A-600 AG-CAT (design category),96.0,177.792
G164B-525 (design-sprayer) prior'78=25/11 length,91.0,168.532
G164B-450 (hopper=325 gal),100.0,185.20000000000002
G164B-450 AG CAT (design category) sprayer,91.0,168.532
G164A-450 AG CAT (design category),91.0,168.532
G164A-300 AG CAT,74.0,137.048
G164A-275 AG CAT,74.0,137.048
G164A-245 AG CAT,70.0,129.64000000000001
G164A-220 AG CAT,70.0,129.64000000000001
A-2,108.0,200.01600000000002
F-1,104.0,192.608
415-G,96.0,177.792
CH-601-XL/i/650-LS/i,113.0,209.276
AT-802A,166.0,307.432
AT-602,126.0,233.352
AT-503A,126.0,233.352
AT-502,126.0,233.352
AT-402,105.0,194.46
AT-401,105.0,194.46
AT-400,185.0,342.62
AT-302A,182.0,337.064
AT-302,182.0,337.064
AT-301A,152.0,281.504
AT-301,155.0,287.06
8KCAB-180 Super Decathlon (w/optional speed kit),150.0,277.8
8KCAB-150 F/P prop(w/optional speed kit),137.0,253.72400000000002
8GCBC (max speed w/8047 fixed-pitch prop),122.0,225.94400000000002
7KCAB,109.0,201.86800000000002
7GCB,103.0,190.756
7GCAA,109.0,201.86800000000002
7GCBC,111.0,205.572
7GCBC with EDO floats,90.0,166.68
7ECA,107.0,198.16400000000002
7EC,97.0,179.644
7ACA,75.0,138.9
"GA-7 Cougar (twin) '77 svc. ceils=18,300 &4,900",160.0,296.32
AG5B Tiger (prior '79 height=8/0),139.0,257.428
AA5A Cheetah (prior '79 height=8/0),127.0,235.204
AA5 Traveler ('75=+ 7 mph speed),122.0,225.94400000000002
AA-1B Trainer,108.0,200.01600000000002
AA-1A Trainer,109.0,201.86800000000002
Legend Cub AL11C-100,84.0,155.568
Husky A-1 (formerly Christen Industries),113.0,209.276
S-2D AG Commander,96.0,177.792
S-2R-R3S/PZL 600,108.0,200.01600000000002
S-2R-1340/P&W 600 Thrush ('69 length=28/4),108.0,200.01600000000002
S-2R-800 Thrush (prior '76 length =28/11),119.0,220.388
S-2R-T34-Turbo (400 gal hopper),130.0,240.76000000000002
S-2R-1820/510,135.0,250.02
Allegro,138.0,255.57600000000002
AT-602,126.0,233.352
Beechjet 400 (400A has increased weights),,
Premier IA,520.26,963.52152
Starship 2000 (2000A=increased spds & weights),328.0,607.456
Super King Air 360,263.0,487.076
350 Super King Air,303.0,561.1560000000001
300 Super King Air (300LW has decr. weights),300.0,555.6
King Air 260,259.0,479.668
King Air 250,181.0,335.212
B200 Super King Air,279.0,516.708
"200 Super King Air (prior '79 serv. ceil=31,000)",272.0,503.744
"B100 King Air (prior '79 serv. ceiling=29,100)",258.0,477.81600000000003
A100 King Air,235.0,435.22
100 King Air,239.0,442.62800000000004
F90-1 King Air,265.0,490.78000000000003
F90 King Air,261.0,483.372
E 90 King Air,245.0,453.74
"C90A King Air (LJ-1063 up) (10,100 g/w=SN1138 up)",240.0,444.48
"C 90,C90-1 (-1 has increased speed)",217.0,401.884
C90 GT King Air,208.0,385.216
B 90 King Air,219.0,405.588
A 90 King Air,216.0,400.03200000000004
90 King Air,235.0,435.22
88 Queen Air pressurized,192.0,355.584
B 80 Queen Air 1973 thru 1978,196.0,362.992
B 80 Queen Air - specs thru 1972,195.0,361.14000000000004
A 80 Queen Air,200.0,370.40000000000003
80 Queen Air,191.0,353.732
70 Queen Air,186.0,344.47200000000004
A 65 Queen Air,186.0,344.47200000000004
65 Queen Air,186.0,344.47200000000004
B 60 Duke pressurized (prior '78 t/o run=2006),233.0,431.516
A 60 Duke pressurized,240.0,444.48
60 Duke Pressurized,236.0,437.072
H 18 Super Twin Beech,191.0,353.732
G 18 Super Twin Beech,186.0,344.47200000000004
E 18 Super Twin Beech,187.0,346.324
D 18 S Twin Beech,183.0,338.916
"H,J 50 Twin Bonanza supercharged",180.0,333.36
"E,F,G 50 Twin Bonanza supercharged",184.0,340.76800000000003
"D50,A,B,C,E Twin Bonanza",178.0,329.656
C 50 Twin Bonanza,161.0,298.172
B 50 Twin Bonanza,159.0,294.468
50 Twin Bonanza,158.0,292.61600000000004
58 P Baron(325) pressurized (range based on 190 gal fuel),232.0,429.66400000000004
58 P Baron-press.('77 hgt=9/6) (range based on 190 gal fuel),214.0,396.32800000000003
58 P Baron turbochg.- specs thru 1976,207.0,383.36400000000003
58 TC Baron (325) turbochg-non-pressurized,232.0,429.66400000000004
58 TC Baron (non-press/turbo) '78 length=9/2,214.0,396.32800000000003
58 Baron (300 hp),195.0,361.14000000000004
58 Baron ('76 & prior fuel=166 gal opt),195.0,361.14000000000004
A56TC Turbo Baron,247.0,457.444
56 TC Turbo Baron ('67 & '68 fuel=178 gal opt),247.0,457.444
E 55 Baron ('70-'72 fuel=142 gal opt),195.0,361.14000000000004
"C55, D55 Baron",200.0,370.40000000000003
B 55 Baron (1978 & up),184.0,340.76800000000003
B55 (SN955 & up=5000 g/w; SN 502 thru 954 elig 5100 g/w),196.0,362.992
A 55 Baron,191.0,353.732
55 Baron,191.0,353.732
E 95 Travel Air (fuel inj.),174.0,322.248
"B 95A, D 95A Travel Air (fuel inj.)",174.0,322.248
"95, B95 Travel Air (95 = 4,000 lb. gross)",170.0,314.84000000000003
76 Duchess,158.0,292.61600000000004
B 36 TC Bonanza,190.0,351.88
A 36 TC Bonanza(prior '80=optl fuel 74 gal),190.0,351.88
A 36 Bonanza (300 hp),169.0,312.988
A 36 Bonanza ('70 & '71 lgt=26/8) '80 + up fuel= 74 gal,168.0,311.136
36 Bonanza,170.0,314.84000000000003
V 35 A & B-TC Turbo Bonanza,200.0,370.40000000000003
V 35B Bonanza ('80 & up=fuel std 74 gal),172.0,318.54400000000004
V 35 A Bonanza,177.0,327.80400000000003
V 35 TC Turbo Bonanza,195.0,361.14000000000004
V 35 Bonanza,177.0,327.80400000000003
S 35 Bonanza,178.0,329.656
"N,P 35 Bonanza",170.0,314.84000000000003
"K,M 35 Bonanza",170.0,314.84000000000003
J 35 Bonanza,174.0,322.248
H 35 Bonanza,165.0,305.58000000000004
"E,F,G 35 Bonanza (E=2,725 lb. gross, F=2,750 lb.)",160.0,296.32
"C, D 35 Bonanza",152.0,281.504
"A,B 35 Bonanza (A=185 hp)",148.0,274.096
35 Bonanza,150.0,277.8
G 33 Bonanza,168.0,311.136
F & E 33-C Bonanza (conventional tail),174.0,322.248
F33A ('80 & up fuel std 74 gal),172.0,318.54400000000004
E 33 A Bonanza (conventional tail),174.0,322.248
F & E Bonanza (conventional tail),161.0,298.172
C 33 A Debonair,174.0,322.248
C 33 Debonair,161.0,298.172
"A,B 33 Debonair",161.0,298.172
33 Debonair,161.0,298.172
"C-24R Sierra 200 (prior'78 svc. ceil=16,400)",137.0,253.72400000000002
B-24R Sierra 200,131.0,242.61200000000002
A-24R Sierra 200,141.0,261.132
Super III Musketeer (A-23-24),130.0,240.76000000000002
C 23 Sundowner (pre '76 fuel=52 gal) pre'82=less mph,116.0,214.83200000000002
Custom III Musketeer,120.0,222.24
"A 23, A23A Musketeer (A=2,400 lb gross)",120.0,222.24
23 Musketeer,111.0,205.572
B 19 Sport 150 (76' & prior fuel=52 gal),107.0,198.16400000000002
"A 23-19, Sport III, Musketeer",114.0,211.12800000000001
77 Skipper ('79-'80 height=7/11),97.0,179.644
"17-31 ATC Turbo, 300-Lyc. (prior '78=8 gal less)",187.0,346.324
"17-31A, (prior '78=8 gal less fuel + 6 mph less)",165.0,305.58000000000004
"17-31TC, Turbo Super Viking (Lycoming eng)",187.0,346.324
"17-30A, (1979 & up; 1993 & up + 5 mph; IO-550 +6 mph)",176.0,325.952
"17-30A, 300-Cont.('78=8 gal more fuel & +11 mph)",163.0,301.87600000000003
17-30-300 Viking (Continental eng),163.0,301.87600000000003
"14-19-3A,260 A,B,C",177.0,327.80400000000003
14-19-2 Cruisemaster,170.0,314.84000000000003
14-19 Cruisemaster,157.0,290.764
14-13 Cruiseair Sr.,130.0,240.76000000000002
Global 7500,566.9499999999999,1049.9913999999999
Global 6500,566.9499999999999,1049.9913999999999
Global 5500,566.9499999999999,1049.9913999999999
Global Express XRS,566.9499999999999,1049.9913999999999
60 (standard configuration),,
55C,,
Global 6000,566.9499999999999,1049.9913999999999
55C/ER,,
Global 5000,566.9499999999999,1049.9913999999999
Challenger 850ER,513.59,951.1686800000001
55C/LR,,
55 (1984-'85),417.0,772.284
CL-601-3A Challenger (3R=long-range),442.0,818.5840000000001
CL-601 Challenger (GE engs),442.0,818.5840000000001
55 (thru 1983),,
45XR,526.9300000000001,975.8743600000001
CL-600 Challenger (AVCO engs),442.0,818.5840000000001
45,526.9300000000001,975.8743600000001
CL-604 Challenger,459.0,850.0680000000001
40,526.9300000000001,975.8743600000001
Challenger 605,533.6,988.2272
Challenger 650,533.6,988.2272
Challenger 300,459.0,850.0680000000001
"36 A (prior'82 = gross weight @ 18,000)",460.0,851.9200000000001
Challenger 350,533.6,988.2272
36,441.0,816.7320000000001
Learjet 75/70,447.0,827.844
35A,460.0,851.9200000000001
35,441.0,816.7320000000001
31 Std. (31A Vmo = 476 kts),,
29 Longhorn,441.0,816.7320000000001
28 Longhorn,441.0,816.7320000000001
25G,464.0,859.3280000000001
"25 D,F w/6 engs=45,000 service ceiling (prior '82 more rate of climb)",459.0,850.0680000000001
25 B (1973 thru 1975),441.0,816.7320000000001
25 C (1973 thru 1975),441.0,816.7320000000001
25 B & C (thru '72),442.0,818.5840000000001
"24 F (w/8A engs=51,000 service ceil)",441.0,816.7320000000001
"24 E (prior to '77=12,499 gross)",441.0,816.7320000000001
24 D (1973 thru 1975),441.0,816.7320000000001
24 D (thru'72),442.0,818.5840000000001
24 C,442.0,818.5840000000001
24 B,437.0,809.3240000000001
24 Twin Jet,417.0,772.284
23 Twin Jet,423.0,783.3960000000001
Citation Longitude,483.0,894.5160000000001
750 Citation X,511.0,946.3720000000001
Citation X+,470.0,870.44
Citation Sovereign+ 680,448.0,829.696
680 Citation Sovereign,446.0,825.9920000000001
Citation Latitude,446.0,825.9920000000001
650 Citation VII,476.0,881.552
Citation XLS,354.0,655.6080000000001
650 Citation VI,,
650 Citation III (SN 100 and up),461.0,853.772
650 Citation III (thru SN 099),,
560-XL Citation Excel,429.0,794.508
Citation Encore,427.0,790.8040000000001
560 Citation V Ultra,430.0,796.36
560 Citation V,425.0,787.1
550 Citation Bravo,401.0,742.652
S550 Citation SII,403.0,746.356
Citation II 550 (SN 627 & up),385.0,713.02
Citation II 550 (thru SN 626),385.0,713.02
Citation II 551,385.0,713.02
Citation CJ3 525B,351.0,650.052
Citation CJ2+ 525A,356.0,659.312
Citation CJ2 525A,352.0,651.904
Citation CJ1+ 525,353.0,653.7560000000001
Citation CJ1 525,329.0,609.308
Citationjet 525,380.0,703.76
Citation Mustang 510,,
Citation I 500/501 (unit-0470 thru -0677 & on),357.0,661.164
Citation I 500,351.0,650.052
"Citation 500 (SN 303 & up = 11,850 lb gross)",348.0,644.496
Citation 500 (SN 1-70),348.0,644.496
441 Conquest,283.0,524.116
425 Conquest I,,
425 Corsair,250.0,463.0
421C Golden Eagle III ('79 stall=85 mph),241.0,446.332
421B Golden Eagle,235.0,435.22
421 - A & B,227.0,420.404
421 pressurized/turbocharged,222.0,411.144
414A II Chancellor (pressurized-turbo) ('78 span=44/3),224.0,414.848
414 pressurized-turbocharged,224.0,414.848
"411, A, turbocharged",214.0,396.32800000000003
404 Titan Ambassador II,217.0,401.884
402C Business Liner II,213.0,394.476
"402B, Business Liner",210.0,388.92
"402,-A turbocharged",209.0,387.06800000000004
"401,-A & B turbocharged",209.0,387.06800000000004
"340 A, II pressurized/turbocharged",229.0,424.108
340 pressurized/turbocharged,210.0,388.92
335 II nonpressurized/turbocharged,215.0,398.18
"320D-E-F Skyknight turbo (D=5,200 g/w)",226.0,418.552
320 A-B-C Skyknight turbocharged,213.0,394.476
320 Skyknight turbocharged,204.0,377.808
"T 310 R, II turbocharged",223.0,412.99600000000004
T 310 Q turbocharged,225.0,416.70000000000005
T 310 P turbocharged,226.0,418.552
"310 R, II",194.0,359.288
310 Q,192.0,355.584
310 P,193.0,357.43600000000004
"310K,L,N (fuel inj.)",193.0,357.43600000000004
"310 I, J (fuel inj.)",194.0,359.288
310 H (fuel inj.),194.0,359.288
"310 F,-G (fuel inj.)",191.0,353.732
"310,-A",178.0,329.656
T303 Crusader,180.0,333.36
"T 337 G-P II,H-P, Skymaster pressurized",204.0,377.808
"T-337 H-II (prior'79 t/o perf=1,620 & 1,000)",200.0,370.40000000000003
T 337 E & F Skymaster turbocharged,194.0,359.288
T 337 D Skymaster turbocharged,195.0,361.14000000000004
T 337 C Skymaster turbocharged,195.0,361.14000000000004
T 337 B Skymaster turbocharged,196.0,362.992
"337 G,H II Skymaster (prior '79 service ceiling=18,000)",169.0,312.988
337 F Skymaster,165.0,305.58000000000004
337 E Skymaster,166.0,307.432
337 D Skymaster,166.0,307.432
337 C Skymaster,166.0,307.432
337 B Skymaster,167.0,309.284
"337,-A, Skymaster",167.0,309.284
336 Skymaster fixed-gear,150.0,277.8
208B Caravan I Super Cargomaster,171.0,316.692
208 Caravan I (thru SN 0060=w/o high gross kit),,
208 Caravan-675,154.0,285.208
208B Grand Caravan,154.0,285.208
Cessna TTx,235.0,435.22
P210R pressurized,212.0,392.624
P210N II pressurized ('81=less performance),191.0,353.732
T210R Turbo Centurion,207.0,383.36400000000003
T210N Turbo Centurion,192.0,355.584
"T 210 M Turbo (prior '77 length=28/3, hgt=9/8)",197.0,364.844
"T 210 K,L Turbo (K=9 mph less speed)",187.0,346.324
"T 210 G,H & J Turbo Centurion",194.0,359.288
T 210 F Turbo Centurion,191.0,353.732
210R Centurion,,
"210 M,NII (prior'78=less svc. ceil. & r/o/c=860)",170.0,314.84000000000003
"210 G, H & J, K, L Centurion",167.0,309.284
210 F Centurion,165.0,305.58000000000004
210 D & E Centurion,166.0,307.432
"210 B,C Two Ten",160.0,296.32
210 A,165.0,305.58000000000004
T 207 (Stationair 7 & 8) '77=eng 310 hp,161.0,298.172
207 Skywagn & Stnair 7&8 (prior'79 lgt=31/9),143.0,264.836
TU 206G II Stationair 6 (float),135.0,250.02
"TU206 C,-D,-E,-F (float) (prior '71 span=36/7)",143.0,264.836
U206 G II Stationair 6 (float) '79-'82,131.0,242.61200000000002
U206G (float) Stationair 6,130.0,240.76000000000002
"U206E,F, float ('75-'76 specs) '76=+4 gal fuel",131.0,242.61200000000002
"206C,D, float Skywagon",131.0,242.61200000000002
"TU 206E,F (ski) (prior'76=4 gal more fuel)",132.0,244.464
U206 F (ski) Stationair (1976 specs),118.0,218.536
"U206 E,F (ski) Super Skywagon",119.0,220.388
TU 206G (prior'79=12 gal less fuel+9/7 hgt),152.0,281.504
"TU 206E,F Stationair",148.0,274.096
"TU 206 A,B,C,D,(A&B length=27/8)",160.0,296.32
"U206 F,G II ('75 up) '75 lgt=28/9 + prior'79 less fuel)",147.0,272.244
"U206B,C,D,E Skywagon (B=lgt 28/0) (E=35/10 span)",143.0,264.836
U 206 A,142.0,262.98400000000004
"206, U 206 Super Skywagon",144.0,266.688
"TP 206A,B,C,D,E (E=35/10 span) (A=28/0 lgt)",160.0,296.32
T206H Turbo Stationair,150.0,277.8
206H Stationair,142.0,262.98400000000004
"P206A,B,C,D,E (E=35/10 span) (A=28/0 lgt)",142.0,262.98400000000004
P 206 Super Skylane,143.0,264.836
205-A,138.0,255.57600000000002
195 B,143.0,264.836
195 A,139.0,257.428
195,148.0,274.096
190,139.0,257.428
T 188C Ag Husky (prior'81=4 mph less),106.0,196.312
A188B Ag Truck ('79 & up) dispersal sys,101.0,187.05200000000002
A188B Ag Wagon ('79 & up) dispersal sys,103.0,190.756
A188 Ag Truck restricted ('72-'73=7/10 hgt),98.0,181.496
A188 Ag Wagon restricted (prior'77=7/10 hgt),98.0,181.496
188 Ag Pickup fixed-prop ('73-'75) restricted,78.0,144.45600000000002
188 Ag Pickup fixed-prop ('72) restricted,83.0,153.716
"A188,A,B, Ag Wagon ('66-'71) normal",123.0,227.79600000000002
"188A,B Ag Wagon ('67-'71) fixed-prop normal",101.0,187.05200000000002
185 F Amph (water) prior '79 = 4-8 gal less fuel,130.0,240.76000000000002
A185 F (float) (prior '79 = 4-8 gal less fuel),134.0,248.168
A185 F (ski) (prior '79=less fuel) '77-78 lgt=27/11,131.0,242.61200000000002
A185 F II Skywagon (prior '81=less perform),145.0,268.54
A 185 E Skywagon,147.0,272.244
185 E Skywagon,145.0,268.54
"185 A,B,C,D Skywagon",145.0,268.54
R182 II RG Turbo Skylane,173.0,320.396
R182-RG II Skylane (optl EGT required on svc. ceil.),156.0,288.91200000000003
T-182R II Turbo Skylane,157.0,290.764
T182T Turbo Skylane,159.0,294.468
182T Skylane,145.0,268.54
182S ('97 & up),140.0,259.28000000000003
182R II (1981 & up),142.0,262.98400000000004
"182P,Q (prior '79 = 8-12 gal less fuel) thru'80",143.0,264.836
182 N Skylane,139.0,257.428
"182 J,K,L,M Skylane (M lgt=28/1, hgt=8/9)",141.0,261.132
"182 E,F,G,H",141.0,261.132
"182 A,B,C,D (D=more fuel & bigger)",141.0,261.132
182,135.0,250.02
180K-'78 up (amphib & float=27/0 length & 12/2 height),123.0,227.79600000000002
"180J,K amphib prior'76=4 gal more fuel (range w/80 gal fuel)",123.0,227.79600000000002
"180J,K (float) prior '76 lgt=27/8 (range w/80)",123.0,227.79600000000002
"180J,K (ski) (prior'79=15,600 serv. ceil, less fuel)",123.0,227.79600000000002
"180J,K (J=19,600 service ceiling)",141.0,261.132
"180 G,-H",141.0,261.132
"180 A,-B,-C,-D,-E,-F",139.0,257.428
180,137.0,253.72400000000002
177 RG Cardinal (1972-'78),149.0,275.94800000000004
177 RG Cardinal,144.0,266.688
177 B Cardinal (1975-'78 specs),130.0,240.76000000000002
177 B (thru'74)'70-'71 lgt=27/0 & hgt=9/1,123.0,227.79600000000002
177 A Cardinal,120.0,222.24
177 Cardinal,117.0,216.684
175 C,118.0,218.536
"175,-A,-B",121.0,224.092
172 RG II Cutlass,140.0,259.28000000000003
172 Q Cutlass,122.0,225.94400000000002
R172K/Hawk XP ('77 t/o ground run=850),130.0,240.76000000000002
172S Skyhawk SP,124.0,229.64800000000002
172 Skyhawk ('97 & up),122.0,225.94400000000002
172 P II Skyhawk,120.0,222.24
172N/Hawk 100 thru '80('77 t/o gr. run=820),122.0,225.94400000000002
172 M Skyhawk ('76=4 mph more speed),115.0,212.98000000000002
172 K & L Skyhawk,115.0,212.98000000000002
R172K/Hawk XP (floats),116.0,214.83200000000002
172N-P/Hawk 100 (float plane 1978 & up),95.0,175.94
172 M (float plane 1974-76),97.0,179.644
172 M (float plane 1973),92.0,170.38400000000001
172 K & L float plane,92.0,170.38400000000001
172 I Skyhawk,115.0,212.98000000000002
"172,-D,-E,-F,-G,-H",114.0,211.12800000000001
172 C,114.0,211.12800000000001
172 B,114.0,211.12800000000001
"172,-A",108.0,200.01600000000002
"170,-A,-B",104.0,192.608
"152,A152 (w/conical wing tips)A=2 mph less",107.0,198.16400000000002
"150M, A150M (Aerobat span=32/9)",106.0,196.312
150 L ('71 height=8/8),102.0,188.904
A 150 L Aerobat (1974),103.0,190.756
"A 150 K,L Aerobat (1971-73)'71 height=8/8",100.0,185.20000000000002
"150 H,J,K (K=8/8 height)",102.0,188.904
150 J float plane,85.0,157.42000000000002
"150 D,-E,-F,-G",102.0,188.904
"150 A,-B,-C",105.0,194.46
150,104.0,192.608
140 A,90.0,166.68
140,88.0,162.976
120,100.0,185.20000000000002
Vision Jet SF50,305.0,564.86
SR20,160.0,296.32
SR22,180.0,333.36
Columbia 400 LC-41,181.0,335.212
Columbia 350 LC-42,179.0,331.50800000000004
Columbia 300 LC-40,190.0,351.88
115TC,187.0,346.324
115,149.0,275.94800000000004
114TC,177.0,327.80400000000003
"114A, Gran Turismo",157.0,290.764
"114,('76-24/10 length + less performance)",157.0,290.764
"112TC,-A,Alpine",163.0,301.87600000000003
112B,142.0,262.98400000000004
112A,140.0,259.28000000000003
112,143.0,264.836
Top Cub,110.0,203.72
Sport Cub,103.0,190.756
Falcon 8X,459.0,850.0680000000001
Falcon 7X,370.0,685.24
Lineage 1000,472.0,874.144
Falcon 900EX,,
Falcon 900 B (3-eng fan jet),459.0,850.0680000000001
Falcon 900 (3-eng fan jet),459.0,850.0680000000001
Falcon Fan Jet 50 (3-eng fan jet),430.0,796.36
Falcon Fan Jet 2000,480.0,888.96
2000EX,533.6,988.2272
Falcon 200,435.0,805.62
Falcon Fan Jet C 20,457.0,846.364
Falcon Fan Jet D 20,457.0,846.364
Falcon Fan Jet F 20 (thru 1975),458.0,848.216
Falcon F 20,410.0,759.32
Falcon 100,459.0,850.0680000000001
Falcon Fan Jet 10,459.0,850.0680000000001
Falcon Fan Jet 10 ('76-'77),426.0,788.952
DHC 6-300 Twin Otter Std. + '77-'78=less perf.,170.0,314.84000000000003
DHC 6-300 Twin Otter (thru 1976),171.0,316.692
DHC 6-200 Twin Otter,150.0,277.8
DA62,185.0,342.62
Twin Star Diamond DA42,172.0,318.54400000000004
Katana DA20-A1,117.0,216.684
Katana DA20-C1,132.0,244.464
Eclipse DA20-C1,140.0,259.28000000000003
Star DA40-180,145.0,268.54
TBM 940 (2019 & Up),252.0,466.704
TBM 900/910/930 (2014 & Up),252.0,466.704
TBM 850,255.0,472.26000000000005
TBM 700C2,333.0,616.716
TBM 700,291.0,538.932
TB-21 TC Trinidad,187.0,346.324
TB-20 Trinidad,160.0,296.32
TB-200XL,115.0,212.98000000000002
TB-10 Tobago,117.0,216.684
TB-9 Tampico Club,106.0,196.312
DW-1 (ag plane),57.0,105.56400000000001
Eclipse 500,426.0,788.952
Lineage 1000,452.0,837.104
Legacy EMB-135BJ,,
Praetor 600,466.0,863.032
Praetor 500,,
Legacy 500,466.0,863.032
Legacy 450,462.0,855.624
Phenom 300,450.0,833.4000000000001
Phenom 100,380.0,703.76
EMB-110P1A Bandeirante (specs=110P1/41),181.0,335.212
Eurofox,120.0,222.24
Excalibur '800' conv. Beech Twin Bonanza,213.0,394.476
Excalibur conv. Beech Twin Bonanza,226.0,418.552
"Queen Air '800' conv. Beech 65,A65,70,80",201.0,372.252
"Queen Air '8800' conv. Beech A80,B80",201.0,372.252
"Metro III,A",248.0,459.29600000000005
"Metro, II (prior '79 height=16/10)",256.0,474.112
Merlin IV C (SN AT-423 & up),248.0,459.29600000000005
Merlin IV C,261.0,483.372
"Merlin IV, A",,
Fairchild 300,264.0,488.928
"Merlin III C, III C-41 (13,230 gross)",265.0,490.78000000000003
"Merlin III C-23 (12,500 gross) (SN TT426 & up)",264.0,488.928
Merlin III B,295.0,546.34
Merlin III A,,
Merlin II B,257.0,475.964
Merlin II A,235.0,435.22
CTSW,112.0,207.424
800XP,119.0,220.388
700S,116.0,214.83200000000002
G650ER,566.9499999999999,1049.9913999999999
G500,566.9499999999999,1049.9913999999999
G V,459.0,850.0680000000001
G550,566.9499999999999,1049.9913999999999
G500,566.9499999999999,1049.9913999999999
G IVSP,459.0,850.0680000000001
G IV,459.0,850.0680000000001
G400,533.6,988.2272
G300,533.6,988.2272
G450,533.6,988.2272
G350,533.6,988.2272
GIII (G1159A),459.0,850.0680000000001
G200,533.6,988.2272
GII-B (G1159-B),459.0,850.0680000000001
GII (G1159) with tip tanks,459.0,850.0680000000001
GII (G1159),459.0,850.0680000000001
G150,533.6,988.2272
G100,533.6,988.2272
GI (G-159) ceiling quoted w/APU,299.0,553.748
Hawker Horizon 4000,422.0,781.544
Hawker 1000,452.0,837.104
Hawker 800,432.0,800.0640000000001
Hawker 850 XP Pro Line,402.0,744.504
Hawker 900XP,430.0,796.36
Hawker 750,430.0,796.36
Hawker 400XP,414.0,766.7280000000001
"HS125-700,A (Hawk-Sidd mfg) ('77=24,200 gross)",400.0,740.8000000000001
BH-125-600 (Beech mfg),435.0,805.62
BH-124-400A (Beech mfg),385.0,713.02
DH-125-3A-RA,385.0,713.02
HondaJet,420.0,777.84
Astra SPX,,
Astra SP,430.0,796.36
1125 Westwind/Astra,397.0,735.244
1124A Westwind 2,415.0,768.58
1124 Westwind 1,426.0,788.952
1123 Commodore Jet,426.0,788.952
1121 B Jet Commander,426.0,788.952
1121 Jet Commander,426.0,788.952
J250-SP,120.0,222.24
J230-SP,120.0,222.24
J170-SP,100.0,185.20000000000002
LA-4 Amphibian,114.0,211.12800000000001
C-IV Amphibian,117.0,216.684
C-1 Amphibian,97.0,179.644
LA-4 Seaplane,122.0,225.94400000000002
LA-4 Turbo-Lake,143.0,264.836
LA-4-200 Buccaneer (land specs) 1973 & prior,130.0,240.76000000000002
LA-4-200 Buccaneer (land specs),130.0,240.76000000000002
LA4/200EP,127.0,235.204
LA/250 Renegade,122.0,225.94400000000002
LA-270 Turbo Seafury,155.0,287.06
XL2,125.0,231.5
Jetstar II,438.0,811.176
Jetstar -8,435.0,805.62
Jetstar -6,427.0,790.8040000000001
8 F,83.0,153.716
8 E,83.0,153.716
8 A,78.0,144.45600000000002
Superstar II (600 series Aerostar),252.0,466.704
Superstar I (601P Aerostar),250.0,463.0
350 Turbo A-36 Bonanza,213.0,394.476
350 Turbo V-35B Bonanza,217.0,401.884
MX-7-160,135.0,250.02
MX-7-180A,140.0,259.28000000000003
M-7-260,142.0,262.98400000000004
M-7-235,148.0,274.096
M-6 (Land plane),129.0,238.90800000000002
M-5-235C,150.0,277.8
M-5-220C Lunar Rocket,150.0,277.8
M-5-210TC (turbocharged),170.0,314.84000000000003
M-5-210C Lunar Rocket,137.0,253.72400000000002
M-5-180C,136.0,251.872
M-4-220C Strata Rocket,152.0,281.504
M-4-210 C Rocket,143.0,264.836
M-4-180-C Astro Rocket,135.0,250.02
M-4 & M-4C Jetasen,130.0,240.76000000000002
M18 Dromader (ag plane),109.0,201.86800000000002
MU-300 Diamond II,438.0,811.176
MU-300 Diamond IA,400.0,740.8000000000001
MU-300 Diamond I,410.0,759.32
Marquise (MU-2B-60),296.0,548.192
Solitaire (MU-2B-40),313.0,579.676
"MU-2M,-2P (-2P empty weight=7,025)",304.0,563.008
"MU-2L,-2N (-2N empty weight=7,760)",283.0,524.116
MU-2K,270.0,500.04
MU-2J,265.0,490.78000000000003
MU-2G,261.0,483.372
MU-2F,270.0,500.04
"MU-2B,-2D (-2D=9,350 gross weight)",,
Acclaim (M20TN),237.0,438.92400000000004
Acclaim Ultra (M20V),175.0,324.1
TLS (M20M),223.0,412.99600000000004
Ovation (MS20R),191.0,353.732
PFM (M20L),,
M-22 pressurized,200.0,370.40000000000003
Ovation Ultra (M20U),170.0,314.84000000000003
M20S Eagle 2,145.0,268.54
Encore (MS20K),197.0,364.844
252TSE (M20K),201.0,372.252
205 (M20J),171.0,316.692
231 (M20K) turbocharged,191.0,353.732
201 (M20J) (prior'81 wing span=35/0),170.0,314.84000000000003
"M-20F Executive 21 (prior'74=17,900 ceiling)",156.0,288.91200000000003
"M-20-E Chaparral (prior'74=18,800 ceiling)",160.0,296.32
M-20-G Statesman,147.0,272.244
M-20C Ranger ('77-'78),143.0,264.836
"M-20-C Ranger thru '76 (prior '74 = 17,500 service ceiling)",150.0,277.8
M-20-E Super 21 Chaparral,163.0,301.87600000000003
M-20-C Mark 21,158.0,292.61600000000004
M-20-B Mark 21,158.0,292.61600000000004
M-20-A Mark 20A,157.0,290.764
M-20-Mark 20,143.0,264.836
M-20-D Master,117.0,216.684
M-10 Cadet,96.0,177.792
A 2-A Cadet,108.0,200.01600000000002
M18 Mite,109.0,201.86800000000002
H-Rangemaster (1975-'76),166.0,307.432
"G,G-1 Rangemaster (G=3,150 gross weight)",156.0,288.91200000000003
B,147.0,272.244
A,135.0,250.02
Avanti P180,,
PC-12,265.0,490.78000000000003
PA-42-1000 Cheyenne 400LS,334.0,618.568
PA-42-720 Cheyenne III A,288.0,533.376
PA-42-720 Cheyenne III (prior'82=8 gal less fuel),275.0,509.3
PA-31T-620 XL Cheyenne IIXL ('82-'83 specs),270.0,500.04
A-31T-620 Cheyenne II,269.0,498.18800000000005
PA-31T IA Cheyenne IA,247.0,457.444
PA-31T-500-I Cheyenne I (prior '80 less preform),236.0,437.072
PA-31 P Press Navajo (prior'77=6 gal more fuel),220.0,407.44
PA-31P-350 Mojave,220.0,407.44
PA-31-350 Chieftain ('81=optional fuel),211.0,390.772
PA-31-325 Navajo C/R ('81=optional fuel),220.0,407.44
"PA-31-310 Turbo Navajo B,C (prior '80 less fuel)",194.0,359.288
PA-31-310 Turbo Navajo,215.0,398.18
PA-31-300 Navajo,183.0,338.916
PA-23 F Turbo Aztec (prior'77=7 gal more fuel),215.0,398.18
PA-23 E Turbo Aztec (1971 length=30/2),197.0,364.844
PA-23 F Aztec (prior '77=7 gal more fuel),178.0,329.656
"PA-23 D,E Aztec (prior '72 length=30/2)",183.0,338.916
"PA-23 C,D Turbo Aztec (C=4 gal more fuel)",205.0,379.66
PA-23 C Aztec,179.0,331.50800000000004
"PA-23, B Aztec (B=30/2 length)",178.0,329.656
"PA34-180, Seneca V",174.0,322.248
"PA34-220T, Seneca IV",191.0,353.732
PA-34-220T Seneca III (roc=t/o power),178.0,329.656
PA-34-200T C/R Turbo Seneca II,177.0,327.80400000000003
PA-34 C/R Seneca (1973-'74),162.0,300.024
PA-34-200 C/R Seneca (1972),162.0,300.024
PA-44-180T Turbo Seminole,183.0,338.916
PA-44-180 Seminole,157.0,290.764
PA-39 C/R Turbo Twin Comanche,192.0,355.584
PA-39 C/R Twin Comanche,172.0,318.54400000000004
PA-30 C Turbo Twin Comanche,209.0,387.06800000000004
PA-30 C Twin Comanche,172.0,318.54400000000004
PA-30 B Turbo Twin Comanche,194.0,359.288
"PA-30,B Twin Comanche",169.0,312.988
PA-23-235 Apache,166.0,307.432
"PA-23-160 G,-H Apache",150.0,277.8
PA-23-150 Apache,148.0,274.096
M600 (SLS),257.0,475.964
PA46-500TP Meridian,245.0,453.74
M500,225.0,416.70000000000005
PA-46-350P Malibu Mirage,201.0,372.252
M350,203.0,375.956
PA-46-310P Malibu,187.0,346.324
PA-24-400 Comanche,185.0,342.62
PA-24-C 260 Comanche,161.0,298.172
"PA-24-260,B-260 (24-260=2,900 gross weight)",158.0,292.61600000000004
PA-24-250 Comanche,157.0,290.764
PA-24-180 Comanche,139.0,257.428
PA-32R-301T Saratoga II TC,177.0,327.80400000000003
PA-32R-301 Saratoga II HP,166.0,307.432
PA-32R-301T Turbo Saratoga SP (3-bld prop),177.0,327.80400000000003
PA-32R-301 Saratoga SP (3-blade prop),158.0,292.61600000000004
PA32-301XTC,161.0,298.172
PA32-301FT 6X,148.0,274.096
PA-32RT-300T Turbo Lance II,175.0,324.1
"PA-32R,RT II-300 Lance ('76=height 8/2)",156.0,288.91200000000003
PA-32-301T Turbo Saratoga (2-blade prop),165.0,305.58000000000004
PA-32-301 Saratoga (2-blade prop),150.0,277.8
PA-32-300 '73-74 hgt=7/9 ('79 fuel=94 gal),151.0,279.652
"PA-32-300,B,C,D,E Cherokee Six (thru '72)",146.0,270.392
PA-32-260 ('74-'78) 1974 height=7/9,137.0,253.72400000000002
"PA-32-260,C,D,E & '73 (c/s prop)",137.0,253.72400000000002
PA-28-236 Dakota,143.0,264.836
PA-28-201T Turbo Dakota,154.0,285.208
PA-28-235 Pathfinder,126.0,233.352
PA-28-235 Charger,132.0,244.464
"PA-28-235 C & D, E & F",136.0,251.872
PA-28-235 B Cherokee,136.0,251.872
"PA-28R-,RT-,201T Turbo Arrow III, IV",172.0,318.54400000000004
"PA28R-201 Arrow III, 28RT-201 Arrow IV",138.0,255.57600000000002
PA-28-200R Arrow II (1973-'76),143.0,264.836
PA-28-200 R & RB Arrow,144.0,266.688
PA-28-180 R & RB Arrow,141.0,261.132
"PA-28-181 Archer II ('79-'81=15,000 service ceiling)",125.0,231.5
PA-28 180 Challenger & Archer,123.0,227.79600000000002
"PA-28 D 180,E,F,G (G=13,000 service ceiling)",124.0,229.64800000000002
"PA-28 B,C 180 Cherokee (C=15,700 svc. ceiling)",124.0,229.64800000000002
PA-28 C 160 Cherokee,119.0,220.388
PA-28 C 150 Cherokee,117.0,216.684
"PA-28 160,B 160 Cherokee",109.0,201.86800000000002
"PA-28 150,B 150 Cherokee",107.0,198.16400000000002
"PA-28-161 Warrior II ('79-'81=14,000 svc. ceil)",118.0,218.536
PA-28-151 Warrior (prior '77 stall=58),110.0,203.72
PA-28 140 Cherokee Cruiser,110.0,203.72
"PA-28 140 B,C,D,E (B=23/4 lgt + 7/4 hgt)",117.0,216.684
PA-28 140-4 Cherokee (high gross),113.0,209.276
PA-28 140 Cherokee (low gross),117.0,216.684
"PA-38 Tomahawk (prior'80 svc ceil=12,000)",108.0,200.01600000000002
PA-36-375 Brave (spray restr. category),104.0,192.608
PA-36-300 Brave (spray restr. category),103.0,190.756
PA-36-285 Brave (normal category),128.0,237.056
"PA-25-260 C,D Pawnee (normal) c/spd prop",101.0,187.05200000000002
"PA-25 235 C,D Pawnee (normal category)",99.0,183.348
PA-25 150 Pawnee,83.0,153.716
PA-22 160 Tri-Pacer,117.0,216.684
PA-22 150 Tri-Pacer,113.0,209.276
PA-22 135 Tri-Pacer,107.0,198.16400000000002
PA-22 108 Colt,94.0,174.08800000000002
PA-20 135 Pacer,109.0,201.86800000000002
PA-20 125 Pacer,103.0,190.756
PA-18 150 Super Cub,100.0,185.20000000000002
PA-18-150 Super Cub (float) (thru'76),90.0,166.68
PA-18 135 Super Cub,95.0,175.94
PA-18 125 Super Cub,97.0,179.644
PA-18 95 Super Cub,87.0,161.124
PA-16 Clipper,97.0,179.644
PA-14 Cruiser,96.0,177.792
PA-12 Super Cruiser,91.0,168.532
PA-11,87.0,161.124
J-3 Cub,65.0,120.38000000000001
Kodiak 100,135.0,250.02
RAM 421CW (W = winglets),223.0,412.99600000000004
RAM 414AW-V (V = liquid-cooled),230.0,425.96000000000004
RAM 414AV-VII,228.0,422.25600000000003
RAM 414A-VII (no winglets),225.0,416.70000000000005
RAM 414AW-IV (W = winglets),208.0,385.216
"RAM 414A-IV, III or Super Ram",200.0,370.40000000000003
"RAM 414-IV, III or Super Ram",200.0,370.40000000000003
RAM 414-VI,205.0,379.66
"RAM 414-II (39"" MP)",297.0,550.044
RAM 340/340A-VI,210.0,388.92
"RAM 340/340A-IV,III or Super Ram",207.0,383.36400000000003
"RAM 340/340A-II (39"" MP)",203.0,375.956
"RAM CT310P,Q,R /320-IV",215.0,398.18
"RAM CT310P,Q,R /320-I",205.0,379.66
RAM T310-IV (-P & -Q) / 320-IV,215.0,398.18
RAM T310-I (-P & -Q),299.0,553.748
RAM T210 (G-J),201.0,372.252
RAM T206-I (A-F),157.0,290.764
RAM 172 (1963-'76),112.0,207.424
RAM PA 28-140/151,114.0,211.12800000000001
G3,113.0,209.276
Jet Prop 421 C,241.0,446.332
Jet Prop 421 (Cessna 421 conversion),222.0,411.144
414 Rocket (Cessna 414 conversion),243.0,450.036
340 Rocket (Cessna 340 conversion),240.0,444.48
Super 340 (Cessna 340 conversion),235.0,435.22
TurboStream (Cessna 310 & 320 conv) 350hp,261.0,483.372
TurboStream (Cessna 310 & 320 conv) 310hp,252.0,466.704
Turbo Rocket (Cessna 310 conversion),263.0,487.076
Rocket (Cessna 310 conversion),219.0,405.588
305 Rocket,215.0,398.18
300 Missle,180.0,333.36
JetProp DLX,262.0,485.22400000000005
JetProp DL,250.0,463.0
TurbineAir,245.0,453.74
"200 D Meyers (Prop Jets, Inc.)",183.0,338.916
"200 B Meyers (Prop Jets, Inc.)",170.0,314.84000000000003
"200 Meyers (Prop Jets, Inc.)",170.0,314.84000000000003
100-180 Lark (S.L. Industries),115.0,212.98000000000002
100 Darter (S.L. Industries),111.0,205.572
100 (Formerly Volair) (S.L. Industries),111.0,205.572
"B1,B1A AG Commander (S.L. Industries)",91.0,168.532
Sabre 75A,436.0,807.4720000000001
Sabre 75,430.0,796.36
Sabre 65,424.0,785.248
Sabre 60,430.0,796.36
Sabre 40A,430.0,796.36
NA265 (40 Sabreliner) 8 engines,430.0,796.36
"Beech V35,A,B",137.0,253.72400000000002
Cessna 421C,241.0,446.332
Cessna 421B,235.0,435.22
"Cessna 421,-A",227.0,420.404
Cessna 414A,224.0,414.848
Cessna 414,224.0,414.848
Cessna 402C,213.0,394.476
"Cessna 402,-B; 401,-A",209.0,387.06800000000004
"Cessna 340, -A",229.0,424.108
Cessna 310 series,178.0,329.656
"Cessna 337 (turbo, pressurized)",195.0,361.14000000000004
Cessna P210,191.0,353.732
Cessna 210,165.0,305.58000000000004
Cessna 207,143.0,264.836
Cessna 206,143.0,264.836
Cessna 188,101.0,187.05200000000002
Cessna 185,145.0,268.54
Cessna 182,135.0,250.02
Cessna 180,137.0,253.72400000000002
Cessna 172,108.0,200.01600000000002
Cessna 150,104.0,192.608
Piper PA-23-250 Aztec,179.0,331.50800000000004
"Piper PA-34 Seneca I,II",162.0,300.024
"Piper PA-30,-39",172.0,318.54400000000004
"Piper PA-24-180,-250,-260",137.0,253.72400000000002
Piper PA-32,137.0,253.72400000000002
Sting Sport S3,116.0,214.83200000000002
108-3,105.0,194.46
108-1,103.0,190.756
GC-1B,122.0,225.94400000000002
SA-160,128.0,237.056
F-21B,100.0,185.20000000000002
"F-21,F-21A (-21A=40 gal fuel + empty wgt=1,000)",103.0,190.756
"F-19, Sportsman 100",100.0,185.20000000000002
P2006T,135.0,250.02
A-36 Bonanza Prop Jet,220.0,407.44
1000 Jet Prop,303.0,561.1560000000001
980 Jet Prop,303.0,561.1560000000001
900 Jet Prop,286.0,529.672
"690B,I,II Prop Jet(I empty weight=6,195)",281.0,520.412
"690A, Prop Jet (690 length=43/0 & height=14/11)",279.0,516.708
840 Jet Prop,286.0,529.672
720 Alti-Cruiser,204.0,377.808
700 (Fuji),212.0,392.624
685 pressurized,222.0,411.144
"681 Hawk, 681B Turbo Commander",236.0,437.072
680 W Turbo II Prop Jet,243.0,450.036
"680 T,V Prop Jet",248.0,459.29600000000005
680 FLP Pressurized Grand,209.0,387.06800000000004
680 FL Courser,204.0,377.808
680 FL Grand,212.0,392.624
680 F,221.0,409.29200000000003
680 E,204.0,377.808
680 Super,200.0,370.40000000000003
560 F,200.0,370.40000000000003
560 E,184.0,340.76800000000003
560 A-HC,184.0,340.76800000000003
560 A,174.0,322.248
560,171.0,316.692
500 S Shrike Commander & (Esquire thru'76),177.0,327.80400000000003
500 U,190.0,351.88
500 B,190.0,351.88
500 A,190.0,351.88
500,178.0,329.656
520,171.0,316.692
2180,116.0,214.83200000000002
2150A Kachina,104.0,192.608
